{"cameraMode":{"drawMode":0,"name":"Shaded","section":"Shading Mode"},"sceneLighting":true,"audioPlay":false,"sceneViewState":{"showFog":true,"showMaterialUpdate":false,"showSkybox":true,"showFlares":true,"showImageEffects":true,"showParticleSystems":true},"in2DMode":false,"pivot":{"x":0.057729244232177737,"y":0.5173066854476929,"z":-0.14886105060577393},"rotation":{"x":0.010523304343223572,"y":0.9756476283073425,"z":0.04803124815225601,"w":-0.21377158164978028},"size":1.4707961082458497,"orthographic":false}