{"cameraMode":{"drawMode":0,"name":"Shaded","section":"Shading Mode"},"sceneLighting":false,"audioPlay":false,"sceneViewState":{"showFog":true,"showMaterialUpdate":false,"showSkybox":false,"showFlares":true,"showImageEffects":true,"showParticleSystems":true},"in2DMode":false,"pivot":{"x":-0.002089664340019226,"y":0.09041443467140198,"z":-0.12715470790863038},"rotation":{"x":0.051663774996995929,"y":0.9196769595146179,"z":-0.12942415475845338,"w":0.36711859703063967},"size":1.6282633543014527,"orthographic":false}