{"cameraMode":{"drawMode":0,"name":"Shaded","section":"Shading Mode"},"sceneLighting":true,"audioPlay":false,"sceneViewState":{"showFog":true,"showMaterialUpdate":false,"showSkybox":true,"showFlares":true,"showImageEffects":true,"showParticleSystems":true},"in2DMode":false,"pivot":{"x":-0.19261784851551057,"y":0.13508468866348267,"z":0.23900729417800904},"rotation":{"x":0.034374989569187167,"y":0.918465256690979,"z":-0.08176632970571518,"w":0.3855907917022705},"size":2.2131524085998537,"orthographic":false}